[
  {
    "id": "1ff65241-fd87-40e0-a653-12a8c7a6e76c",
    "data": [
      {
        "text": "dessert",
        "userDefined": false
      }
    ],
    "isTemplate": false,
    "count": 0,
    "lang": "en",
    "updated": 0
  },
  {
    "id": "c0fdc18b-771d-4bfd-a337-ee6f35a74451",
    "data": [
      {
        "text": "3",
        "meta": "@sys.number",
        "alias": "number",
        "userDefined": false
      }
    ],
    "isTemplate": false,
    "count": 0,
    "lang": "en",
    "updated": 0
  }
]