[
  {
    "id": "33d7df95-3195-4a8b-a949-4f13c6780f9b",
    "data": [
      {
        "text": "Cheese balls",
        "userDefined": false
      }
    ],
    "isTemplate": false,
    "count": 0,
    "lang": "en",
    "updated": 0
  },
  {
    "id": "c35c2389-f53a-40c2-a631-5ae92103673a",
    "data": [
      {
        "text": "Ice cream",
        "userDefined": false
      }
    ],
    "isTemplate": false,
    "count": 0,
    "lang": "en",
    "updated": 0
  },
  {
    "id": "3ffd4912-5259-4989-afcf-184cd6285ab7",
    "data": [
      {
        "text": "Paneer Tikka",
        "userDefined": false
      }
    ],
    "isTemplate": false,
    "count": 0,
    "lang": "en",
    "updated": 0
  },
  {
    "id": "32186ce2-f965-419d-a367-22f17807c3bd",
    "data": [
      {
        "text": "Biryani",
        "userDefined": false
      }
    ],
    "isTemplate": false,
    "count": 0,
    "lang": "en",
    "updated": 0
  },
  {
    "id": "6fc05a85-9364-417b-8d4a-dcf86b666392",
    "data": [
      {
        "text": "Pasta",
        "userDefined": false
      }
    ],
    "isTemplate": false,
    "count": 0,
    "lang": "en",
    "updated": 0
  },
  {
    "id": "673577d5-3557-4975-88c2-5c2e09062fa9",
    "data": [
      {
        "text": "French fries",
        "userDefined": false
      }
    ],
    "isTemplate": false,
    "count": 0,
    "lang": "en",
    "updated": 0
  },
  {
    "id": "2e4b306a-0528-441a-821e-9d9d5273c201",
    "data": [
      {
        "text": "Gulaab jamun",
        "userDefined": false
      }
    ],
    "isTemplate": false,
    "count": 0,
    "lang": "en",
    "updated": 0
  },
  {
    "id": "b8a0b914-299c-41ae-a16e-02661c690c4c",
    "data": [
      {
        "text": "Pizza",
        "userDefined": false
      }
    ],
    "isTemplate": false,
    "count": 0,
    "lang": "en",
    "updated": 0
  },
  {
    "id": "10b4bac9-7563-47b5-afa0-df025fe83e12",
    "data": [
      {
        "text": "Waffles",
        "userDefined": false
      }
    ],
    "isTemplate": false,
    "count": 0,
    "lang": "en",
    "updated": 0
  }
]