[
  {
    "id": "dba5e25c-5303-4014-86b9-c82d33528c90",
    "data": [
      {
        "text": "main course",
        "userDefined": false
      }
    ],
    "isTemplate": false,
    "count": 2,
    "lang": "en",
    "updated": 0
  },
  {
    "id": "a446434e-a67c-464a-9efd-761f807fbf4b",
    "data": [
      {
        "text": "1",
        "meta": "@sys.number",
        "alias": "number",
        "userDefined": false
      }
    ],
    "isTemplate": false,
    "count": 0,
    "lang": "en",
    "updated": 0
  }
]