[
  {
    "id": "a192a018-77da-4ad3-b1e1-bbe4097c3620",
    "data": [
      {
        "text": "starters",
        "userDefined": false
      }
    ],
    "isTemplate": false,
    "count": 0,
    "lang": "en",
    "updated": 0
  },
  {
    "id": "8a3778ad-1c88-4cd2-986f-9c37b9125dbd",
    "data": [
      {
        "text": "2",
        "meta": "@sys.number",
        "alias": "number",
        "userDefined": false
      }
    ],
    "isTemplate": false,
    "count": 0,
    "lang": "en",
    "updated": 0
  }
]